branch_id,production_operation,lean_component,positive_witness,negative_boundary,status
CC-EMPTY,encodeScalarLeaves,FiniteLayer,COLLECTION_EMPTY decodes to empty list,empty raw string rejects,EXECUTABLE_WITNESS
CC-TYPED-LEAF,CanonicalScalarValueCodec.encode,encodeLeafPayload,Integer leaves use v1-I tags,cross-typed tags reject,EXECUTABLE_WITNESS
CC-BOTTOM,CanonicalScalarValueCodec.BOTTOM,Leaf.bottom,v1-V remains distinct from strings,legacy null text rejects,EXECUTABLE_WITNESS
CC-DELIMITER,CanonicalScalarValueCodec.escape,encodePayload,string pipe becomes percent-7C,malformed escapes reject,EXECUTABLE_WITNESS
CC-ORDER-MULTIPLICITY,encodeScalarLeaves,FiniteSupport,sequence order and duplicates round-trip,extensional Set quotient is a later boundary,EXECUTABLE_WITNESS
CC-NESTED-LEAF,pushNestedStructure,encodePayload,deepest scalar node uses canonical leaf codec,entity leaf graph shape remains open,EXECUTABLE_WITNESS
CC-READBACK,decodeScalarLeaves,encodePayload_injective,snapshot and fallback readers decode tags,legacy untagged collections reject,EXECUTABLE_WITNESS
CC-LEAN-SCALAR-FRAMING,CanonicalScalarValueCodec.encode,CanonicalScalarCodec.encode_injective,tagged String framing is injective on certified canonical bodies,Java numeric body generation is the next refinement boundary,MECHANIZED
CC-LEAN-NESTED-SPECIALIZATION,CanonicalCollectionValueCodec.encodeScalarLeaves,extensional_nested_canonical_payload_encode_injective,nested payload injectivity has no abstract scalar-codec premise,entity identifiers still require their injectivity premise,MECHANIZED
