constructor,parse,bind,typing,va,normalize,cypher,proof_case,positive_test,negative_test,real_neo4j
self,OclDocumentParser,OclSemanticBinder,BoundTypeRules,OclIrBuilder,OclIrOptimizer,OclCypherPlannerRenderer,T1-T5,OclValFragmentCoverageTest,OclValNegativeAdmissionCoverageTest,OclValRealNeo4jCoverageTest
lexical variable,OclDocumentParser,OclSemanticBinder,BoundTypeRules,OclIrBuilder,OclIrOptimizer,OclCypherPlannerRenderer,T1-T5,OclValFragmentCoverageTest,OclValNegativeAdmissionCoverageTest,OclValRealNeo4jCoverageTest
Boolean literal,OclDocumentParser,OclSemanticBinder,BoundTypeRules,OclIrBuilder,OclIrOptimizer,OclCypherPlannerRenderer,T1-T5,OclValFragmentCoverageTest,OclValNegativeAdmissionCoverageTest,OclValRealNeo4jCoverageTest
Integer literal,OclDocumentParser,OclSemanticBinder,BoundTypeRules,OclIrBuilder,OclIrOptimizer,OclCypherPlannerRenderer,T1-T5,OclValFragmentCoverageTest,OclValNegativeAdmissionCoverageTest,OclValRealNeo4jCoverageTest
Real literal,OclDocumentParser,OclSemanticBinder,BoundTypeRules,OclIrBuilder,OclIrOptimizer,OclCypherPlannerRenderer,T1-T5,OclValFragmentCoverageTest,OclValNegativeAdmissionCoverageTest,OclValRealNeo4jCoverageTest
String literal,OclDocumentParser,OclSemanticBinder,BoundTypeRules,OclIrBuilder,OclIrOptimizer,OclCypherPlannerRenderer,T1-T5,OclValFragmentCoverageTest,OclValNegativeAdmissionCoverageTest,OclValRealNeo4jCoverageTest
attribute,OclDocumentParser,OclSemanticBinder,BoundTypeRules,OclIrBuilder,OclIrOptimizer,OclCypherPlannerRenderer,T1-T5,OclValFragmentCoverageTest,OclValNegativeAdmissionCoverageTest,OclValRealNeo4jCoverageTest
navigation forward,OclDocumentParser,OclSemanticBinder,BoundTypeRules,OclIrBuilder,OclIrOptimizer,OclCypherPlannerRenderer,T1-T5,OclValFragmentCoverageTest,OclValNegativeAdmissionCoverageTest,OclValRealNeo4jCoverageTest
navigation reverse,OclDocumentParser,OclSemanticBinder,BoundTypeRules,OclIrBuilder,OclIrOptimizer,OclCypherPlannerRenderer,T1-T5,OclValFragmentCoverageTest,OclValNegativeAdmissionCoverageTest,OclValRealNeo4jCoverageTest
qualified navigation,OclDocumentParser,OclSemanticBinder,BoundTypeRules,OclIrBuilder,OclIrOptimizer,OclCypherPlannerRenderer,T1-T5,OclValFragmentCoverageTest,OclValNegativeAdmissionCoverageTest,OclValRealNeo4jCoverageTest
allInstances,OclDocumentParser,OclSemanticBinder,BoundTypeRules,OclIrBuilder,OclIrOptimizer,OclCypherPlannerRenderer,T1-T5,OclValFragmentCoverageTest,OclValNegativeAdmissionCoverageTest,OclValRealNeo4jCoverageTest
not,OclDocumentParser,OclSemanticBinder,BoundTypeRules,OclIrBuilder,OclIrOptimizer,OclCypherPlannerRenderer,T1-T5,OclValFragmentCoverageTest,OclValNegativeAdmissionCoverageTest,OclValRealNeo4jCoverageTest
and,OclDocumentParser,OclSemanticBinder,BoundTypeRules,OclIrBuilder,OclIrOptimizer,OclCypherPlannerRenderer,T1-T5,OclValFragmentCoverageTest,OclValNegativeAdmissionCoverageTest,OclValRealNeo4jCoverageTest
or,OclDocumentParser,OclSemanticBinder,BoundTypeRules,OclIrBuilder,OclIrOptimizer,OclCypherPlannerRenderer,T1-T5,OclValFragmentCoverageTest,OclValNegativeAdmissionCoverageTest,OclValRealNeo4jCoverageTest
implies,OclDocumentParser,OclSemanticBinder,BoundTypeRules,OclIrBuilder,OclIrOptimizer,OclCypherPlannerRenderer,T1-T5,OclValFragmentCoverageTest,OclValNegativeAdmissionCoverageTest,OclValRealNeo4jCoverageTest
equals,OclDocumentParser,OclSemanticBinder,BoundTypeRules,OclIrBuilder,OclIrOptimizer,OclCypherPlannerRenderer,T1-T5,OclValFragmentCoverageTest,OclValNegativeAdmissionCoverageTest,OclValRealNeo4jCoverageTest
not equals,OclDocumentParser,OclSemanticBinder,BoundTypeRules,OclIrBuilder,OclIrOptimizer,OclCypherPlannerRenderer,T1-T5,OclValFragmentCoverageTest,OclValNegativeAdmissionCoverageTest,OclValRealNeo4jCoverageTest
less than,OclDocumentParser,OclSemanticBinder,BoundTypeRules,OclIrBuilder,OclIrOptimizer,OclCypherPlannerRenderer,T1-T5,OclValFragmentCoverageTest,OclValNegativeAdmissionCoverageTest,OclValRealNeo4jCoverageTest
less or equal,OclDocumentParser,OclSemanticBinder,BoundTypeRules,OclIrBuilder,OclIrOptimizer,OclCypherPlannerRenderer,T1-T5,OclValFragmentCoverageTest,OclValNegativeAdmissionCoverageTest,OclValRealNeo4jCoverageTest
greater than,OclDocumentParser,OclSemanticBinder,BoundTypeRules,OclIrBuilder,OclIrOptimizer,OclCypherPlannerRenderer,T1-T5,OclValFragmentCoverageTest,OclValNegativeAdmissionCoverageTest,OclValRealNeo4jCoverageTest
greater or equal,OclDocumentParser,OclSemanticBinder,BoundTypeRules,OclIrBuilder,OclIrOptimizer,OclCypherPlannerRenderer,T1-T5,OclValFragmentCoverageTest,OclValNegativeAdmissionCoverageTest,OclValRealNeo4jCoverageTest
addition,OclDocumentParser,OclSemanticBinder,BoundTypeRules,OclIrBuilder,OclIrOptimizer,OclCypherPlannerRenderer,T1-T5,OclValFragmentCoverageTest,OclValNegativeAdmissionCoverageTest,OclValRealNeo4jCoverageTest
subtraction,OclDocumentParser,OclSemanticBinder,BoundTypeRules,OclIrBuilder,OclIrOptimizer,OclCypherPlannerRenderer,T1-T5,OclValFragmentCoverageTest,OclValNegativeAdmissionCoverageTest,OclValRealNeo4jCoverageTest
multiplication,OclDocumentParser,OclSemanticBinder,BoundTypeRules,OclIrBuilder,OclIrOptimizer,OclCypherPlannerRenderer,T1-T5,OclValFragmentCoverageTest,OclValNegativeAdmissionCoverageTest,OclValRealNeo4jCoverageTest
division,OclDocumentParser,OclSemanticBinder,BoundTypeRules,OclIrBuilder,OclIrOptimizer,OclCypherPlannerRenderer,T1-T5,OclValFragmentCoverageTest,OclValNegativeAdmissionCoverageTest,OclValRealNeo4jCoverageTest
if,OclDocumentParser,OclSemanticBinder,BoundTypeRules,OclIrBuilder,OclIrOptimizer,OclCypherPlannerRenderer,T1-T5,OclValFragmentCoverageTest,OclValNegativeAdmissionCoverageTest,OclValRealNeo4jCoverageTest
let,OclDocumentParser,OclSemanticBinder,BoundTypeRules,OclIrBuilder,OclIrOptimizer,OclCypherPlannerRenderer,T1-T5,OclValFragmentCoverageTest,OclValNegativeAdmissionCoverageTest,OclValRealNeo4jCoverageTest
exists,OclDocumentParser,OclSemanticBinder,BoundTypeRules,OclIrBuilder,OclIrOptimizer,OclCypherPlannerRenderer,T1-T5,OclValFragmentCoverageTest,OclValNegativeAdmissionCoverageTest,OclValRealNeo4jCoverageTest
forAll,OclDocumentParser,OclSemanticBinder,BoundTypeRules,OclIrBuilder,OclIrOptimizer,OclCypherPlannerRenderer,T1-T5,OclValFragmentCoverageTest,OclValNegativeAdmissionCoverageTest,OclValRealNeo4jCoverageTest
select,OclDocumentParser,OclSemanticBinder,BoundTypeRules,OclIrBuilder,OclIrOptimizer,OclCypherPlannerRenderer,T1-T5,OclValFragmentCoverageTest,OclValNegativeAdmissionCoverageTest,OclValRealNeo4jCoverageTest
reject,OclDocumentParser,OclSemanticBinder,BoundTypeRules,OclIrBuilder,OclIrOptimizer,OclCypherPlannerRenderer,T1-T5,OclValFragmentCoverageTest,OclValNegativeAdmissionCoverageTest,OclValRealNeo4jCoverageTest
collect scalar,OclDocumentParser,OclSemanticBinder,BoundTypeRules,OclIrBuilder,OclIrOptimizer,OclCypherPlannerRenderer,T1-T5,OclValFragmentCoverageTest,OclValNegativeAdmissionCoverageTest,OclValRealNeo4jCoverageTest
includes,OclDocumentParser,OclSemanticBinder,BoundTypeRules,OclIrBuilder,OclIrOptimizer,OclCypherPlannerRenderer,T1-T5,OclValFragmentCoverageTest,OclValNegativeAdmissionCoverageTest,OclValRealNeo4jCoverageTest
excludes,OclDocumentParser,OclSemanticBinder,BoundTypeRules,OclIrBuilder,OclIrOptimizer,OclCypherPlannerRenderer,T1-T5,OclValFragmentCoverageTest,OclValNegativeAdmissionCoverageTest,OclValRealNeo4jCoverageTest
includesAll,OclDocumentParser,OclSemanticBinder,BoundTypeRules,OclIrBuilder,OclIrOptimizer,OclCypherPlannerRenderer,T1-T5,OclValFragmentCoverageTest,OclValNegativeAdmissionCoverageTest,OclValRealNeo4jCoverageTest
excludesAll,OclDocumentParser,OclSemanticBinder,BoundTypeRules,OclIrBuilder,OclIrOptimizer,OclCypherPlannerRenderer,T1-T5,OclValFragmentCoverageTest,OclValNegativeAdmissionCoverageTest,OclValRealNeo4jCoverageTest
size,OclDocumentParser,OclSemanticBinder,BoundTypeRules,OclIrBuilder,OclIrOptimizer,OclCypherPlannerRenderer,T1-T5,OclValFragmentCoverageTest,OclValNegativeAdmissionCoverageTest,OclValRealNeo4jCoverageTest
isEmpty,OclDocumentParser,OclSemanticBinder,BoundTypeRules,OclIrBuilder,OclIrOptimizer,OclCypherPlannerRenderer,T1-T5,OclValFragmentCoverageTest,OclValNegativeAdmissionCoverageTest,OclValRealNeo4jCoverageTest
notEmpty,OclDocumentParser,OclSemanticBinder,BoundTypeRules,OclIrBuilder,OclIrOptimizer,OclCypherPlannerRenderer,T1-T5,OclValFragmentCoverageTest,OclValNegativeAdmissionCoverageTest,OclValRealNeo4jCoverageTest
oclIsKindOf,OclDocumentParser,OclSemanticBinder,BoundTypeRules,OclIrBuilder,OclIrOptimizer,OclCypherPlannerRenderer,T1-T5,OclValFragmentCoverageTest,OclValNegativeAdmissionCoverageTest,OclValRealNeo4jCoverageTest
oclAsType,OclDocumentParser,OclSemanticBinder,BoundTypeRules,OclIrBuilder,OclIrOptimizer,OclCypherPlannerRenderer,T1-T5,OclValFragmentCoverageTest,OclValNegativeAdmissionCoverageTest,OclValRealNeo4jCoverageTest
xor,OclDocumentParser,OclSemanticBinder,BoundTypeRules,OclIrBuilder,OclIrOptimizer,OclCypherPlannerRenderer,T1-T5,OclValFragmentCoverageTest,OclValNegativeAdmissionCoverageTest,OclValRealNeo4jCoverageTest
Set literal,OclDocumentParser,OclSemanticBinder,BoundTypeRules,OclIrBuilder,OclIrOptimizer,OclCypherPlannerRenderer,T1-T5,OclValFragmentCoverageTest,OclValNegativeAdmissionCoverageTest,OclValRealNeo4jCoverageTest
union,OclDocumentParser,OclSemanticBinder,BoundTypeRules,OclIrBuilder,OclIrOptimizer,OclCypherPlannerRenderer,T1-T5,OclValFragmentCoverageTest,OclValNegativeAdmissionCoverageTest,OclValRealNeo4jCoverageTest
intersection,OclDocumentParser,OclSemanticBinder,BoundTypeRules,OclIrBuilder,OclIrOptimizer,OclCypherPlannerRenderer,T1-T5,OclValFragmentCoverageTest,OclValNegativeAdmissionCoverageTest,OclValRealNeo4jCoverageTest
asSet,OclDocumentParser,OclSemanticBinder,BoundTypeRules,OclIrBuilder,OclIrOptimizer,OclCypherPlannerRenderer,T1-T5,OclValFragmentCoverageTest,OclValNegativeAdmissionCoverageTest,OclValRealNeo4jCoverageTest
isUnique,OclDocumentParser,OclSemanticBinder,BoundTypeRules,OclIrBuilder,OclIrOptimizer,OclCypherPlannerRenderer,T1-T5,OclValFragmentCoverageTest,OclValNegativeAdmissionCoverageTest,OclValRealNeo4jCoverageTest
