domain;classifier;feature;kind;multiplicity;policy;witness;status
OVA;ValidationModule;languageVersion;attr;1;derived;contract:OVA.ValidationModule.languageVersion;CERTIFIED
OVA;ValidationModule;certificationProfile;attr;1;derived;contract:OVA.ValidationModule.certificationProfile;CERTIFIED
OVA;ValidationModule;invariants;val;*;mapped;java-refinement:OVA.ValidationModule.invariants;CERTIFIED
OVA;Invariant;invariantId;attr;1;erased;identity-metadata-not-used-by-denotation;CERTIFIED
OVA;Invariant;name;attr;1;mapped;java-refinement:OVA.Invariant.name;CERTIFIED
OVA;Invariant;contextClassName;attr;1;mapped;java-refinement:OVA.Invariant.contextClassName;CERTIFIED
OVA;Invariant;stage;attr;1;mapped;java-refinement:OVA.Invariant.stage;CERTIFIED
OVA;Invariant;producerVersion;attr;1;mapped;java-refinement:OVA.Invariant.producerVersion;CERTIFIED
OVA;Invariant;selfVariable;val;1;mapped;java-refinement:OVA.Invariant.selfVariable;CERTIFIED
OVA;Invariant;predicate;val;1;mapped;java-refinement:OVA.Invariant.predicate;CERTIFIED
OVA;TypeDescriptor;kind;attr;1;mapped;java-refinement:OVA.TypeDescriptor.kind;CERTIFIED
OVA;TypeDescriptor;typeName;attr;0..1;mapped;java-refinement:OVA.TypeDescriptor.typeName;CERTIFIED
OVA;TypeDescriptor;collectionKind;attr;1;mapped;java-refinement:OVA.TypeDescriptor.collectionKind;CERTIFIED
OVA;TypeDescriptor;elementType;val;0..1;mapped;java-refinement:OVA.TypeDescriptor.elementType;CERTIFIED
OVA;VariableDeclaration;symbolId;attr;1;erased;identity-metadata-not-used-by-denotation;CERTIFIED
OVA;VariableDeclaration;name;attr;1;mapped;java-refinement:OVA.VariableDeclaration.name;CERTIFIED
OVA;VariableDeclaration;declaredType;val;1;mapped;java-refinement:OVA.VariableDeclaration.declaredType;CERTIFIED
OVA;Expression;nodeId;attr;1;erased;identity-metadata-not-used-by-denotation;CERTIFIED
OVA;Expression;resultType;val;1;mapped;java-refinement:OVA.Expression.resultType;CERTIFIED
OVA;VariableExpression;declaration;ref;1;mapped;java-refinement:OVA.VariableExpression.declaration;CERTIFIED
OVA;LiteralExpression;kind;attr;1;mapped;java-refinement:OVA.LiteralExpression.kind;CERTIFIED
OVA;LiteralExpression;lexicalValue;attr;0..1;mapped;java-refinement:OVA.LiteralExpression.lexicalValue;CERTIFIED
OVA;SetExpression;elements;val;*;mapped;java-refinement:OVA.SetExpression.elements;CERTIFIED
OVA;UnaryExpression;operator;attr;1;mapped;java-refinement:OVA.UnaryExpression.operator;CERTIFIED
OVA;UnaryExpression;operand;val;1;mapped;java-refinement:OVA.UnaryExpression.operand;CERTIFIED
OVA;BinaryExpression;operator;attr;1;mapped;java-refinement:OVA.BinaryExpression.operator;CERTIFIED
OVA;BinaryExpression;left;val;1;mapped;java-refinement:OVA.BinaryExpression.left;CERTIFIED
OVA;BinaryExpression;right;val;1;mapped;java-refinement:OVA.BinaryExpression.right;CERTIFIED
OVA;IfExpression;condition;val;1;mapped;java-refinement:OVA.IfExpression.condition;CERTIFIED
OVA;IfExpression;thenBranch;val;1;mapped;java-refinement:OVA.IfExpression.thenBranch;CERTIFIED
OVA;IfExpression;elseBranch;val;1;mapped;java-refinement:OVA.IfExpression.elseBranch;CERTIFIED
OVA;LetExpression;declaration;val;1;mapped;java-refinement:OVA.LetExpression.declaration;CERTIFIED
OVA;LetExpression;value;val;1;mapped;java-refinement:OVA.LetExpression.value;CERTIFIED
OVA;LetExpression;body;val;1;mapped;java-refinement:OVA.LetExpression.body;CERTIFIED
OVA;AttributeReference;ownerClassName;attr;1;mapped;java-refinement:OVA.AttributeReference.ownerClassName;CERTIFIED
OVA;AttributeReference;attributeName;attr;1;mapped;java-refinement:OVA.AttributeReference.attributeName;CERTIFIED
OVA;AttributeReference;declaredType;val;1;mapped;java-refinement:OVA.AttributeReference.declaredType;CERTIFIED
OVA;AttributeAccessExpression;source;val;1;mapped;java-refinement:OVA.AttributeAccessExpression.source;CERTIFIED
OVA;AttributeAccessExpression;attribute;val;1;mapped;java-refinement:OVA.AttributeAccessExpression.attribute;CERTIFIED
OVA;NavigationReference;associationName;attr;1;mapped;java-refinement:OVA.NavigationReference.associationName;CERTIFIED
OVA;NavigationReference;roleName;attr;1;mapped;java-refinement:OVA.NavigationReference.roleName;CERTIFIED
OVA;NavigationReference;sourceClassName;attr;1;mapped;java-refinement:OVA.NavigationReference.sourceClassName;CERTIFIED
OVA;NavigationReference;targetClassName;attr;1;mapped;java-refinement:OVA.NavigationReference.targetClassName;CERTIFIED
OVA;NavigationReference;sourceRole;attr;0..1;mapped;java-refinement:OVA.NavigationReference.sourceRole;CERTIFIED
OVA;NavigationReference;targetRole;attr;0..1;mapped;java-refinement:OVA.NavigationReference.targetRole;CERTIFIED
OVA;NavigationReference;direction;attr;1;mapped;java-refinement:OVA.NavigationReference.direction;CERTIFIED
OVA;NavigationReference;qualified;attr;0..1;mapped;java-refinement:OVA.NavigationReference.qualified;CERTIFIED
OVA;NavigationAccessExpression;source;val;1;mapped;java-refinement:OVA.NavigationAccessExpression.source;CERTIFIED
OVA;NavigationAccessExpression;navigation;val;1;mapped;java-refinement:OVA.NavigationAccessExpression.navigation;CERTIFIED
OVA;NavigationAccessExpression;qualifiers;val;*;mapped;java-refinement:OVA.NavigationAccessExpression.qualifiers;CERTIFIED
OVA;CallExpression;callKind;attr;1;mapped;java-refinement:OVA.CallExpression.callKind;CERTIFIED
OVA;CallExpression;operationName;attr;1;mapped;java-refinement:OVA.CallExpression.operationName;CERTIFIED
OVA;CallExpression;source;val;1;mapped;java-refinement:OVA.CallExpression.source;CERTIFIED
OVA;CallExpression;sourceCollectionType;val;0..1;mapped;java-refinement:OVA.CallExpression.sourceCollectionType;CERTIFIED
OVA;CallExpression;arguments;val;*;mapped;java-refinement:OVA.CallExpression.arguments;CERTIFIED
OVA;IteratorExpression;kind;attr;1;mapped;java-refinement:OVA.IteratorExpression.kind;CERTIFIED
OVA;IteratorExpression;source;val;1;mapped;java-refinement:OVA.IteratorExpression.source;CERTIFIED
OVA;IteratorExpression;sourceCollectionType;val;1;mapped;java-refinement:OVA.IteratorExpression.sourceCollectionType;CERTIFIED
OVA;IteratorExpression;iterator;val;1;mapped;java-refinement:OVA.IteratorExpression.iterator;CERTIFIED
OVA;IteratorExpression;body;val;1;mapped;java-refinement:OVA.IteratorExpression.body;CERTIFIED
OVA;NavigationPredicateExpression;kind;attr;1;mapped;java-refinement:OVA.NavigationPredicateExpression.kind;CERTIFIED
OVA;NavigationPredicateExpression;navigation;val;1;mapped;java-refinement:OVA.NavigationPredicateExpression.navigation;CERTIFIED
OVA;NavigationPredicateExpression;iterator;val;0..1;mapped;java-refinement:OVA.NavigationPredicateExpression.iterator;CERTIFIED
OVA;NavigationPredicateExpression;predicate;val;0..1;mapped;java-refinement:OVA.NavigationPredicateExpression.predicate;CERTIFIED
OVA;NavigationCountExpression;comparisonOperator;attr;1;mapped;java-refinement:OVA.NavigationCountExpression.comparisonOperator;CERTIFIED
OVA;NavigationCountExpression;literal;attr;1;mapped;java-refinement:OVA.NavigationCountExpression.literal;CERTIFIED
OVA;NavigationCountExpression;navigation;val;1;mapped;java-refinement:OVA.NavigationCountExpression.navigation;CERTIFIED
OVA;NavigationCountExpression;iterator;val;0..1;mapped;java-refinement:OVA.NavigationCountExpression.iterator;CERTIFIED
OVA;NavigationCountExpression;predicate;val;0..1;mapped;java-refinement:OVA.NavigationCountExpression.predicate;CERTIFIED
OVA;NavigationUniquenessExpression;navigation;val;1;mapped;java-refinement:OVA.NavigationUniquenessExpression.navigation;CERTIFIED
OVA;NavigationUniquenessExpression;iterator;val;1;mapped;java-refinement:OVA.NavigationUniquenessExpression.iterator;CERTIFIED
OVA;NavigationUniquenessExpression;predicate;val;0..1;mapped;java-refinement:OVA.NavigationUniquenessExpression.predicate;CERTIFIED
OVA;NavigationUniquenessExpression;projection;val;1;mapped;java-refinement:OVA.NavigationUniquenessExpression.projection;CERTIFIED
CQM;QueryModule;languageVersion;attr;1;derived;contract:CQM.QueryModule.languageVersion;CERTIFIED
CQM;QueryModule;certificationProfile;attr;1;derived;contract:CQM.QueryModule.certificationProfile;CERTIFIED
CQM;QueryModule;invariants;val;*;mapped;java-refinement:CQM.QueryModule.invariants;CERTIFIED
CQM;QueryModule;astLoweringContract;val;1;derived;contract:CQM.QueryModule.astLoweringContract;CERTIFIED
CQM;InvariantPlan;planId;attr;1;erased;identity-metadata-not-used-by-denotation;CERTIFIED
CQM;InvariantPlan;invariantName;attr;1;mapped;java-refinement:CQM.InvariantPlan.invariantName;CERTIFIED
CQM;InvariantPlan;contextClassName;attr;1;mapped;java-refinement:CQM.InvariantPlan.contextClassName;CERTIFIED
CQM;InvariantPlan;violationPolicy;attr;1;mapped;java-refinement:CQM.InvariantPlan.violationPolicy;CERTIFIED
CQM;InvariantPlan;evaluationPolicy;attr;1;mapped;java-refinement:CQM.InvariantPlan.evaluationPolicy;CERTIFIED
CQM;InvariantPlan;graphBinding;val;1;mapped;java-refinement:CQM.InvariantPlan.graphBinding;CERTIFIED
CQM;InvariantPlan;predicate;val;1;mapped;java-refinement:CQM.InvariantPlan.predicate;CERTIFIED
CQM;GraphContextBinding;profileId;attr;1;mapped;java-refinement:CQM.GraphContextBinding.profileId;CERTIFIED
CQM;GraphContextBinding;modelKey;attr;1;mapped;java-refinement:CQM.GraphContextBinding.modelKey;CERTIFIED
CQM;GraphContextBinding;contextClassKey;attr;1;mapped;java-refinement:CQM.GraphContextBinding.contextClassKey;CERTIFIED
CQM;GraphContextBinding;objectLabel;attr;1;mapped;java-refinement:CQM.GraphContextBinding.objectLabel;CERTIFIED
CQM;GraphContextBinding;classLabel;attr;1;mapped;java-refinement:CQM.GraphContextBinding.classLabel;CERTIFIED
CQM;GraphContextBinding;conformanceRelationship;attr;1;mapped;java-refinement:CQM.GraphContextBinding.conformanceRelationship;CERTIFIED
CQM;GraphContextBinding;identityProperty;attr;1;mapped;java-refinement:CQM.GraphContextBinding.identityProperty;CERTIFIED
CQM;PlanType;kind;attr;1;mapped;java-refinement:CQM.PlanType.kind;CERTIFIED
CQM;PlanType;typeName;attr;0..1;mapped;java-refinement:CQM.PlanType.typeName;CERTIFIED
CQM;PlanType;collectionKind;attr;1;mapped;java-refinement:CQM.PlanType.collectionKind;CERTIFIED
CQM;PlanType;elementType;val;0..1;mapped;java-refinement:CQM.PlanType.elementType;CERTIFIED
CQM;PlanExpression;nodeId;attr;1;erased;identity-metadata-not-used-by-denotation;CERTIFIED
CQM;PlanExpression;resultType;val;1;mapped;java-refinement:CQM.PlanExpression.resultType;CERTIFIED
CQM;VariablePlan;variableName;attr;1;mapped;java-refinement:CQM.VariablePlan.variableName;CERTIFIED
CQM;LiteralPlan;kind;attr;1;mapped;java-refinement:CQM.LiteralPlan.kind;CERTIFIED
CQM;LiteralPlan;lexicalValue;attr;0..1;mapped;java-refinement:CQM.LiteralPlan.lexicalValue;CERTIFIED
CQM;SetPlan;elements;val;*;mapped;java-refinement:CQM.SetPlan.elements;CERTIFIED
CQM;UnaryPlan;operator;attr;1;mapped;java-refinement:CQM.UnaryPlan.operator;CERTIFIED
CQM;UnaryPlan;operand;val;1;mapped;java-refinement:CQM.UnaryPlan.operand;CERTIFIED
CQM;BinaryPlan;operator;attr;1;mapped;java-refinement:CQM.BinaryPlan.operator;CERTIFIED
CQM;BinaryPlan;left;val;1;mapped;java-refinement:CQM.BinaryPlan.left;CERTIFIED
CQM;BinaryPlan;right;val;1;mapped;java-refinement:CQM.BinaryPlan.right;CERTIFIED
CQM;IfPlan;condition;val;1;mapped;java-refinement:CQM.IfPlan.condition;CERTIFIED
CQM;IfPlan;thenBranch;val;1;mapped;java-refinement:CQM.IfPlan.thenBranch;CERTIFIED
CQM;IfPlan;elseBranch;val;1;mapped;java-refinement:CQM.IfPlan.elseBranch;CERTIFIED
CQM;LetPlan;variableName;attr;1;mapped;java-refinement:CQM.LetPlan.variableName;CERTIFIED
CQM;LetPlan;variableType;val;1;mapped;java-refinement:CQM.LetPlan.variableType;CERTIFIED
CQM;LetPlan;value;val;1;mapped;java-refinement:CQM.LetPlan.value;CERTIFIED
CQM;LetPlan;body;val;1;mapped;java-refinement:CQM.LetPlan.body;CERTIFIED
CQM;AttributeBinding;ownerClassName;attr;1;mapped;java-refinement:CQM.AttributeBinding.ownerClassName;CERTIFIED
CQM;AttributeBinding;attributeName;attr;1;mapped;java-refinement:CQM.AttributeBinding.attributeName;CERTIFIED
CQM;AttributeBinding;attributeKey;attr;1;mapped;java-refinement:CQM.AttributeBinding.attributeKey;CERTIFIED
CQM;AttributeBinding;storage;attr;1;mapped;java-refinement:CQM.AttributeBinding.storage;CERTIFIED
CQM;AttributeBinding;directProperty;attr;0..1;mapped;java-refinement:CQM.AttributeBinding.directProperty;CERTIFIED
CQM;AttributeBinding;slotLabel;attr;1;mapped;java-refinement:CQM.AttributeBinding.slotLabel;CERTIFIED
CQM;AttributeBinding;ownerRelationship;attr;1;mapped;java-refinement:CQM.AttributeBinding.ownerRelationship;CERTIFIED
CQM;AttributeBinding;valueProperty;attr;1;mapped;java-refinement:CQM.AttributeBinding.valueProperty;CERTIFIED
CQM;AttributeAccessPlan;source;val;1;mapped;java-refinement:CQM.AttributeAccessPlan.source;CERTIFIED
CQM;AttributeAccessPlan;binding;val;1;mapped;java-refinement:CQM.AttributeAccessPlan.binding;CERTIFIED
CQM;NavigationBinding;associationName;attr;1;mapped;java-refinement:CQM.NavigationBinding.associationName;CERTIFIED
CQM;NavigationBinding;associationKey;attr;1;mapped;java-refinement:CQM.NavigationBinding.associationKey;CERTIFIED
CQM;NavigationBinding;sourceClassName;attr;1;mapped;java-refinement:CQM.NavigationBinding.sourceClassName;CERTIFIED
CQM;NavigationBinding;targetClassName;attr;1;mapped;java-refinement:CQM.NavigationBinding.targetClassName;CERTIFIED
CQM;NavigationBinding;sourceRole;attr;0..1;mapped;java-refinement:CQM.NavigationBinding.sourceRole;CERTIFIED
CQM;NavigationBinding;targetRole;attr;0..1;mapped;java-refinement:CQM.NavigationBinding.targetRole;CERTIFIED
CQM;NavigationBinding;direction;attr;1;mapped;java-refinement:CQM.NavigationBinding.direction;CERTIFIED
CQM;NavigationBinding;relationshipTypePrefix;attr;1;mapped;java-refinement:CQM.NavigationBinding.relationshipTypePrefix;CERTIFIED
CQM;NavigationBinding;sourceQualifierProperty;attr;1;mapped;java-refinement:CQM.NavigationBinding.sourceQualifierProperty;CERTIFIED
CQM;NavigationBinding;targetQualifierProperty;attr;1;mapped;java-refinement:CQM.NavigationBinding.targetQualifierProperty;CERTIFIED
CQM;NavigationAccessPlan;source;val;1;mapped;java-refinement:CQM.NavigationAccessPlan.source;CERTIFIED
CQM;NavigationAccessPlan;binding;val;1;mapped;java-refinement:CQM.NavigationAccessPlan.binding;CERTIFIED
CQM;NavigationAccessPlan;qualifiers;val;*;mapped;java-refinement:CQM.NavigationAccessPlan.qualifiers;CERTIFIED
CQM;CallPlan;callKind;attr;1;mapped;java-refinement:CQM.CallPlan.callKind;CERTIFIED
CQM;CallPlan;operationName;attr;1;mapped;java-refinement:CQM.CallPlan.operationName;CERTIFIED
CQM;CallPlan;source;val;1;mapped;java-refinement:CQM.CallPlan.source;CERTIFIED
CQM;CallPlan;sourceCollectionType;val;0..1;mapped;java-refinement:CQM.CallPlan.sourceCollectionType;CERTIFIED
CQM;CallPlan;arguments;val;*;mapped;java-refinement:CQM.CallPlan.arguments;CERTIFIED
CQM;IteratorPlan;kind;attr;1;mapped;java-refinement:CQM.IteratorPlan.kind;CERTIFIED
CQM;IteratorPlan;iteratorName;attr;1;mapped;java-refinement:CQM.IteratorPlan.iteratorName;CERTIFIED
CQM;IteratorPlan;iteratorType;val;1;mapped;java-refinement:CQM.IteratorPlan.iteratorType;CERTIFIED
CQM;IteratorPlan;source;val;1;mapped;java-refinement:CQM.IteratorPlan.source;CERTIFIED
CQM;IteratorPlan;sourceCollectionType;val;1;mapped;java-refinement:CQM.IteratorPlan.sourceCollectionType;CERTIFIED
CQM;IteratorPlan;body;val;1;mapped;java-refinement:CQM.IteratorPlan.body;CERTIFIED
CQM;NavigationMatchPlan;targetAlias;attr;1;mapped;java-refinement:CQM.NavigationMatchPlan.targetAlias;CERTIFIED
CQM;NavigationMatchPlan;predicateMode;attr;1;mapped;java-refinement:CQM.NavigationMatchPlan.predicateMode;CERTIFIED
CQM;NavigationMatchPlan;owner;val;1;mapped;java-refinement:CQM.NavigationMatchPlan.owner;CERTIFIED
CQM;NavigationMatchPlan;navigation;val;1;mapped;java-refinement:CQM.NavigationMatchPlan.navigation;CERTIFIED
CQM;NavigationMatchPlan;predicate;val;0..1;mapped;java-refinement:CQM.NavigationMatchPlan.predicate;CERTIFIED
CQM;NavigationMatchPlan;targetType;val;1;mapped;java-refinement:CQM.NavigationMatchPlan.targetType;CERTIFIED
CQM;ExistsSubqueryPlan;match;val;1;mapped;java-refinement:CQM.ExistsSubqueryPlan.match;CERTIFIED
CQM;NotExistsSubqueryPlan;match;val;1;mapped;java-refinement:CQM.NotExistsSubqueryPlan.match;CERTIFIED
CQM;CountComparisonPlan;operator;attr;1;mapped;java-refinement:CQM.CountComparisonPlan.operator;CERTIFIED
CQM;CountComparisonPlan;literal;attr;1;mapped;java-refinement:CQM.CountComparisonPlan.literal;CERTIFIED
CQM;CountComparisonPlan;match;val;1;mapped;java-refinement:CQM.CountComparisonPlan.match;CERTIFIED
CQM;UniquenessPlan;match;val;1;mapped;java-refinement:CQM.UniquenessPlan.match;CERTIFIED
CQM;UniquenessPlan;projection;val;1;mapped;java-refinement:CQM.UniquenessPlan.projection;CERTIFIED
CQM;AstLoweringContract;cypherDialect;attr;1;mapped;java-refinement:CQM.AstLoweringContract.cypherDialect;CERTIFIED
CQM;AstLoweringContract;parserImplementation;attr;1;mapped;java-refinement:CQM.AstLoweringContract.parserImplementation;CERTIFIED
CQM;AstLoweringContract;requireIndependentParse;attr;1;mapped;java-refinement:CQM.AstLoweringContract.requireIndependentParse;CERTIFIED
CQM;AstLoweringContract;requireBoundedExpansion;attr;1;mapped;java-refinement:CQM.AstLoweringContract.requireBoundedExpansion;CERTIFIED
CQM;AstLoweringContract;rules;val;+;derived;contract:CQM.AstLoweringContract.rules;CERTIFIED
CQM;ConstructorAstRule;ruleId;attr;1;mapped;java-refinement:CQM.ConstructorAstRule.ruleId;CERTIFIED
CQM;ConstructorAstRule;sourceConstructor;attr;1;mapped;java-refinement:CQM.ConstructorAstRule.sourceConstructor;CERTIFIED
CQM;ConstructorAstRule;requiredAstKinds;attr;+;mapped;java-refinement:CQM.ConstructorAstRule.requiredAstKinds;CERTIFIED
CQM;ConstructorAstRule;forbiddenAstKinds;attr;*;mapped;java-refinement:CQM.ConstructorAstRule.forbiddenAstKinds;CERTIFIED
CQM;ConstructorAstRule;maxCopiesPerComplexChild;attr;1;mapped;java-refinement:CQM.ConstructorAstRule.maxCopiesPerComplexChild;CERTIFIED
CQM;ConstructorAstRule;observationContract;attr;1;mapped;java-refinement:CQM.ConstructorAstRule.observationContract;CERTIFIED
